{"materials":[{"id":736,"path":"Resources/unity_builtin_extra\\Sprites-Default","assetBundleId":-2,"data":["Sprites-Default",0,28,3000,0,[["PixelSnap",0],["_EnableExternalAlpha",0]],[["_Color",1,1,1,1],["_RendererColor",1,1,1,1]],[["_MainTex_ST",1,1,0,0],["_Flip",1,1,1,1],["_AlphaTex_ST",1,1,0,0]],[["_MainTex",null,null],["_AlphaTex",null,null]],[]]},{"id":954,"path":"Resources/unity_builtin_extra\\Default-Material","assetBundleId":-2,"data":["Default-Material",0,66,2000,0,[["_Cutoff",0.5],["_Glossiness",0.5],["_GlossMapScale",1],["_SmoothnessTextureChannel",0],["_Metallic",0],["_SpecularHighlights",1],["_GlossyReflections",1],["_BumpScale",1],["_Parallax",0.0199999995529652],["_OcclusionStrength",1],["_DetailNormalMapScale",1],["_UVSec",0],["_Mode",0],["_SrcBlend",1],["_DstBlend",0],["_ZWrite",1]],[["_Color",1,1,1,1],["_EmissionColor",0,0,0,0.999999940395355]],[["_MainTex_ST",1,1,0,0],["_MetallicGlossMap_ST",1,1,0,0],["_BumpMap_ST",1,1,0,0],["_ParallaxMap_ST",1,1,0,0],["_OcclusionMap_ST",1,1,0,0],["_EmissionMap_ST",1,1,0,0],["_DetailMask_ST",1,1,0,0],["_DetailAlbedoMap_ST",1,1,0,0],["_DetailNormalMap_ST",1,1,0,0]],[["_MainTex",null,null],["_MetallicGlossMap",null,null],["_BumpMap",null,null],["_ParallaxMap",null,null],["_OcclusionMap",null,null],["_EmissionMap",null,null],["_DetailMask",null,null],["_DetailAlbedoMap",null,null],["_DetailNormalMap",null,null]],[["_EMISSION",1]]]}],"shaders":[{"id":50,"assetBundleId":-2,"data":[["Hidden/BlitCopy: Tags: \"LIGHTMODE\"=\"ALWAYS\"\n"],"Hidden/BlitCopy","0000000000000000f000000000000000",[],[[0,0,"",0,0,[8,null],[0,null],[0,null],[[1,null],[0,null],[0,null]],[[1,null],[0,null],[0,null]],[15,null],[0,null],[0,null],[0,null],[255,null],[255,null],[[0,null],[0,null],[0,null],[8,null]],[[0,null],[0,null],[0,null],[8,null]],[[0,null],[0,null],[0,null],[8,null]],[["LIGHTMODE","ALWAYS"]],["STEREO_CUBEMAP_RENDER_ON","STEREO_INSTANCING_ON","STEREO_MULTIVIEW_ON","UNITY_SINGLE_PASS_STEREO"],[],[],[],0]],[],[["_MainTex",4,0,0,0,0,""],["_Color",0,1,1,1,1,""]],null,null,0,0,0]},{"id":28,"assetBundleId":-2,"data":[[],"Sprites/Default","0000000000000000f000000000000000",["PIXELSNAP_ON","_","ETC1_EXTERNAL_ALPHA","__","INSTANCING_ON"],[[0,0,"",0,0,[4,null],[0,null],[0,null],[[1,null],[10,null],[0,null]],[[1,null],[10,null],[0,null]],[15,null],[0,null],[0,null],[0,null],[255,null],[255,null],[[0,null],[0,null],[0,null],[8,null]],[[0,null],[0,null],[0,null],[8,null]],[[0,null],[0,null],[0,null],[8,null]],[["CanUseSpriteAtlas","true"],["IGNOREPROJECTOR","true"],["PreviewType","Plane"],["QUEUE","Transparent"],["RenderType","Transparent"],["LIGHTMODE","ALWAYS"]],["_","ETC1_EXTERNAL_ALPHA","__","INSTANCING_ON","PIXELSNAP_ON","STEREO_CUBEMAP_RENDER_ON","STEREO_INSTANCING_ON","STEREO_MULTIVIEW_ON","UNITY_SINGLE_PASS_STEREO"],[],[[0,0,[],0,1,0]],[],0]],[],[["_MainTex",4,0,0,0,0,"white"],["_Color",0,1,1,1,1,""],["PixelSnap",2,0,0,0,0,""],["_RendererColor",0,1,1,1,1,""],["_Flip",1,1,1,1,1,""],["_AlphaTex",4,0,0,0,0,"white"],["_EnableExternalAlpha",2,0,0,0,0,""]],null,null,0,0,0]},{"id":30,"assetBundleId":-2,"data":[[],"UI/Default","0000000000000000f000000000000000",["UNITY_UI_ALPHACLIP","UNITY_UI_CLIP_RECT","_"],[[0,0,"Default",0,0,[0,"unity_GUIZTestMode"],[0,null],[0,null],[[1,null],[10,null],[0,null]],[[1,null],[10,null],[0,null]],[0,"_ColorMask"],[0,null],[0,null],[0,"_Stencil"],[0,"_StencilReadMask"],[0,"_StencilWriteMask"],[[0,"_StencilOp"],[0,null],[0,null],[0,"_StencilComp"]],[[0,null],[0,null],[0,null],[8,null]],[[0,null],[0,null],[0,null],[8,null]],[["CanUseSpriteAtlas","true"],["IGNOREPROJECTOR","true"],["PreviewType","Plane"],["QUEUE","Transparent"],["RenderType","Transparent"],["LIGHTMODE","ALWAYS"]],["_","UNITY_UI_CLIP_RECT","UNITY_UI_ALPHACLIP","STEREO_CUBEMAP_RENDER_ON","STEREO_INSTANCING_ON","STEREO_MULTIVIEW_ON","UNITY_SINGLE_PASS_STEREO"],[],[[0,0,[],2,3,0]],[],0]],[],[["_MainTex",4,0,0,0,0,"white"],["_Color",0,1,1,1,1,""],["_StencilComp",2,8,0,0,0,""],["_Stencil",2,0,0,0,0,""],["_StencilOp",2,0,0,0,0,""],["_StencilWriteMask",2,255,0,0,0,""],["_StencilReadMask",2,255,0,0,0,""],["_ColorMask",2,15,0,0,0,""],["_UseUIAlphaClip",2,0,0,0,0,""]],null,null,0,0,0]},{"id":66,"assetBundleId":-2,"data":[["Standard: Tags: \"LIGHTMODE\"=\"FORWARDBASE\" \"PerformanceChecks\"=\"False\" \"RenderType\"=\"Opaque\" \"SHADOWSUPPORT\"=\"true\"\n","Standard: Tags: \"LIGHTMODE\"=\"FORWARDADD\" \"PerformanceChecks\"=\"False\" \"RenderType\"=\"Opaque\" \"SHADOWSUPPORT\"=\"true\"\n","Standard: Tags: \"LIGHTMODE\"=\"SHADOWCASTER\" \"PerformanceChecks\"=\"False\" \"RenderType\"=\"Opaque\" \"SHADOWSUPPORT\"=\"true\"\n"],"Standard","0000000000000000f000000000000000",["DIRECTIONAL","DIRLIGHTMAP_COMBINED","FOG_EXP","FOG_EXP2","FOG_LINEAR","LIGHTMAP_ON","LIGHTPROBE_SH","SHADOWS_SCREEN","VERTEXLIGHT_ON","_ALPHABLEND_ON","_ALPHAPREMULTIPLY_ON","_ALPHATEST_ON","_DETAIL_MULX2","_EMISSION","_GLOSSYREFLECTIONS_OFF","_METALLICGLOSSMAP","_NORMALMAP","_PARALLAXMAP","_SMOOTHNESS_TEXTURE_ALBEDO_CHANNEL_A","_SPECULARHIGHLIGHTS_OFF","DIRECTIONAL_COOKIE","POINT","POINT_COOKIE","SHADOWS_DEPTH","SPOT","__","INSTANCING_ON","_","SHADOWS_SHADOWMASK","DYNAMICLIGHTMAP_ON","LIGHTMAP_SHADOW_MIXING","SHADOWS_SOFT","SHADOWS_CUBE","UNITY_HDR_ON"],[[0,0,"FORWARD",4,0,[4,null],[0,"_ZWrite"],[2,null],[[0,"_SrcBlend"],[0,"_DstBlend"],[0,null]],[[0,"_SrcBlend"],[0,"_DstBlend"],[0,null]],[15,null],[0,null],[0,null],[0,null],[255,null],[255,null],[[0,null],[0,null],[0,null],[8,null]],[[0,null],[0,null],[0,null],[8,null]],[[0,null],[0,null],[0,null],[8,null]],[["LIGHTMODE","FORWARDBASE"],["PerformanceChecks","False"],["RenderType","Opaque"],["SHADOWSUPPORT","true"]],["__","FOG_LINEAR","FOG_EXP","FOG_EXP2","INSTANCING_ON","_","_NORMALMAP","_ALPHATEST_ON","_ALPHABLEND_ON","_ALPHAPREMULTIPLY_ON","_METALLICGLOSSMAP","_PARALLAXMAP","DIRECTIONAL","LIGHTPROBE_SH","SHADOWS_SHADOWMASK","DYNAMICLIGHTMAP_ON","LIGHTMAP_ON","LIGHTMAP_SHADOW_MIXING","DIRLIGHTMAP_COMBINED","SHADOWS_SCREEN","VERTEXLIGHT_ON","STEREO_CUBEMAP_RENDER_ON","STEREO_INSTANCING_ON","STEREO_MULTIVIEW_ON","UNITY_SINGLE_PASS_STEREO","_DETAIL_MULX2","_EMISSION","_GLOSSYREFLECTIONS_OFF","_SMOOTHNESS_TEXTURE_ALBEDO_CHANNEL_A","_SPECULARHIGHLIGHTS_OFF"],[],[],[],0],[1,0,"FORWARD_DELTA",5,0,[4,null],[0,null],[2,null],[[0,"_SrcBlend"],[1,null],[0,null]],[[0,"_SrcBlend"],[1,null],[0,null]],[15,null],[0,null],[0,null],[0,null],[255,null],[255,null],[[0,null],[0,null],[0,null],[8,null]],[[0,null],[0,null],[0,null],[8,null]],[[0,null],[0,null],[0,null],[8,null]],[["LIGHTMODE","FORWARDADD"],["PerformanceChecks","False"],["RenderType","Opaque"],["SHADOWSUPPORT","true"]],["__","FOG_LINEAR","FOG_EXP","FOG_EXP2","_","_NORMALMAP","_ALPHATEST_ON","_ALPHABLEND_ON","_ALPHAPREMULTIPLY_ON","_METALLICGLOSSMAP","_PARALLAXMAP","POINT","DIRECTIONAL","SPOT","POINT_COOKIE","DIRECTIONAL_COOKIE","SHADOWS_SHADOWMASK","LIGHTMAP_SHADOW_MIXING","SHADOWS_DEPTH","SHADOWS_SOFT","SHADOWS_SCREEN","SHADOWS_CUBE","STEREO_CUBEMAP_RENDER_ON","STEREO_INSTANCING_ON","STEREO_MULTIVIEW_ON","UNITY_SINGLE_PASS_STEREO","_DETAIL_MULX2","_SMOOTHNESS_TEXTURE_ALBEDO_CHANNEL_A","_SPECULARHIGHLIGHTS_OFF"],[],[],[],0],[2,0,"ShadowCaster",8,0,[4,null],[1,null],[2,null],[[1,null],[0,null],[0,null]],[[1,null],[0,null],[0,null]],[15,null],[0,null],[0,null],[0,null],[255,null],[255,null],[[0,null],[0,null],[0,null],[8,null]],[[0,null],[0,null],[0,null],[8,null]],[[0,null],[0,null],[0,null],[8,null]],[["LIGHTMODE","SHADOWCASTER"],["PerformanceChecks","False"],["RenderType","Opaque"],["SHADOWSUPPORT","true"]],["__","INSTANCING_ON","_","_ALPHATEST_ON","_ALPHABLEND_ON","_ALPHAPREMULTIPLY_ON","_METALLICGLOSSMAP","_PARALLAXMAP","SHADOWS_DEPTH","SHADOWS_CUBE","STEREO_CUBEMAP_RENDER_ON","STEREO_INSTANCING_ON","STEREO_MULTIVIEW_ON","UNITY_SINGLE_PASS_STEREO","_SMOOTHNESS_TEXTURE_ALBEDO_CHANNEL_A"],[],[],[],0]],[],[["_Color",0,1,1,1,1,""],["_MainTex",4,0,0,0,0,"white"],["_Cutoff",3,0.5,0,1,0,""],["_Glossiness",3,0.5,0,1,0,""],["_GlossMapScale",3,1,0,1,0,""],["_SmoothnessTextureChannel",2,0,0,0,0,""],["_Metallic",3,0,0,1,0,""],["_MetallicGlossMap",4,0,0,0,0,"white"],["_SpecularHighlights",2,1,0,0,0,""],["_GlossyReflections",2,1,0,0,0,""],["_BumpScale",2,1,0,0,0,""],["_BumpMap",4,0,0,0,0,"bump"],["_Parallax",3,0.0199999995529652,0.00499999988824129,0.0799999982118607,0,""],["_ParallaxMap",4,0,0,0,0,"black"],["_OcclusionStrength",3,1,0,1,0,""],["_OcclusionMap",4,0,0,0,0,"white"],["_EmissionColor",0,0,0,0,1,""],["_EmissionMap",4,0,0,0,0,"white"],["_DetailMask",4,0,0,0,0,"white"],["_DetailAlbedoMap",4,0,0,0,0,"grey"],["_DetailNormalMapScale",2,1,0,0,0,""],["_DetailNormalMap",4,0,0,0,0,"bump"],["_UVSec",2,0,0,0,0,""],["_Mode",2,0,0,0,0,""],["_SrcBlend",2,1,0,0,0,""],["_DstBlend",2,0,0,0,0,""],["_ZWrite",2,1,0,0,0,""]],0,70,0,0,0]},{"id":8,"assetBundleId":-2,"data":[["Hidden/Internal-ScreenSpaceShadows: Tags: \"ShadowmapFilter\"=\"HardShadow\" \"LIGHTMODE\"=\"ALWAYS\"\n","Hidden/Internal-ScreenSpaceShadows: Tags: \"ShadowmapFilter\"=\"PCF_SOFT\" \"LIGHTMODE\"=\"ALWAYS\"\n","Hidden/Internal-ScreenSpaceShadows: Tags: \"ShadowmapFilter\"=\"HardShadow\" \"LIGHTMODE\"=\"ALWAYS\"\n"],"Hidden/Internal-ScreenSpaceShadows","0000000000000000f000000000000000",["SHADOWS_SINGLE_CASCADE","SHADOWS_SPLIT_SPHERES"],[[0,0,"",0,0,[8,null],[0,null],[0,null],[[1,null],[0,null],[0,null]],[[1,null],[0,null],[0,null]],[15,null],[0,null],[0,null],[0,null],[255,null],[255,null],[[0,null],[0,null],[0,null],[8,null]],[[0,null],[0,null],[0,null],[8,null]],[[0,null],[0,null],[0,null],[8,null]],[["ShadowmapFilter","HardShadow"],["LIGHTMODE","ALWAYS"]],["SHADOWS_SPLIT_SPHERES","SHADOWS_SINGLE_CASCADE","STEREO_CUBEMAP_RENDER_ON","STEREO_INSTANCING_ON","STEREO_MULTIVIEW_ON","UNITY_SINGLE_PASS_STEREO"],[],[],[],1],[0,2,"",0,0,[8,null],[0,null],[0,null],[[1,null],[0,null],[0,null]],[[1,null],[0,null],[0,null]],[15,null],[0,null],[0,null],[0,null],[255,null],[255,null],[[0,null],[0,null],[0,null],[8,null]],[[0,null],[0,null],[0,null],[8,null]],[[0,null],[0,null],[0,null],[8,null]],[["ShadowmapFilter","PCF_SOFT"],["LIGHTMODE","ALWAYS"]],["SHADOWS_SPLIT_SPHERES","SHADOWS_SINGLE_CASCADE","STEREO_CUBEMAP_RENDER_ON","STEREO_INSTANCING_ON","STEREO_MULTIVIEW_ON","UNITY_SINGLE_PASS_STEREO"],[],[],[],1],[0,0,"",0,0,[8,null],[0,null],[0,null],[[1,null],[0,null],[0,null]],[[1,null],[0,null],[0,null]],[15,null],[0,null],[0,null],[0,null],[255,null],[255,null],[[0,null],[0,null],[0,null],[8,null]],[[0,null],[0,null],[0,null],[8,null]],[[0,null],[0,null],[0,null],[8,null]],[["ShadowmapFilter","HardShadow"],["LIGHTMODE","ALWAYS"]],["SHADOWS_SPLIT_SPHERES","SHADOWS_SINGLE_CASCADE","STEREO_CUBEMAP_RENDER_ON","STEREO_INSTANCING_ON","STEREO_MULTIVIEW_ON","UNITY_SINGLE_PASS_STEREO"],[],[],[],1]],[],[["_ShadowMapTexture",4,0,0,0,0,""],["_ODSWorldTexture",4,0,0,0,0,""]],null,null,1,0,0]},{"id":70,"assetBundleId":-2,"data":[["Legacy Shaders/VertexLit: Tags: \"LIGHTMODE\"=\"Vertex\" \"RenderType\"=\"Opaque\"\n","Legacy Shaders/VertexLit: Tags: \"LIGHTMODE\"=\"VertexLM\" \"RenderType\"=\"Opaque\"\n","Legacy Shaders/VertexLit: Tags: \"LIGHTMODE\"=\"SHADOWCASTER\" \"RenderType\"=\"Opaque\" \"SHADOWSUPPORT\"=\"true\"\n"],"Legacy Shaders/VertexLit","0000000000000000f000000000000000",["FOG_EXP","FOG_EXP2","FOG_LINEAR","POINT","SPOT","SHADOWS_DEPTH","_","__","INSTANCING_ON","SHADOWS_CUBE"],[[0,0,"",1,0,[4,null],[1,null],[2,null],[[1,null],[0,null],[0,null]],[[1,null],[0,null],[0,null]],[15,null],[0,null],[0,null],[0,null],[255,null],[255,null],[[0,null],[0,null],[0,null],[8,null]],[[0,null],[0,null],[0,null],[8,null]],[[0,null],[0,null],[0,null],[8,null]],[["LIGHTMODE","Vertex"],["RenderType","Opaque"]],["_","FOG_LINEAR","FOG_EXP","FOG_EXP2","POINT","SPOT","STEREO_CUBEMAP_RENDER_ON","STEREO_INSTANCING_ON","STEREO_MULTIVIEW_ON","UNITY_SINGLE_PASS_STEREO"],[],[],[],0],[1,0,"",2,0,[4,null],[1,null],[2,null],[[1,null],[0,null],[0,null]],[[1,null],[0,null],[0,null]],[15,null],[0,null],[0,null],[0,null],[255,null],[255,null],[[0,null],[0,null],[0,null],[8,null]],[[0,null],[0,null],[0,null],[8,null]],[[0,null],[0,null],[0,null],[8,null]],[["LIGHTMODE","VertexLM"],["RenderType","Opaque"]],["__","FOG_LINEAR","FOG_EXP","FOG_EXP2","STEREO_CUBEMAP_RENDER_ON","STEREO_INSTANCING_ON","STEREO_MULTIVIEW_ON","UNITY_SINGLE_PASS_STEREO"],[],[],[],0],[2,0,"ShadowCaster",8,0,[4,null],[1,null],[2,null],[[1,null],[0,null],[0,null]],[[1,null],[0,null],[0,null]],[15,null],[0,null],[0,null],[0,null],[255,null],[255,null],[[0,null],[0,null],[0,null],[8,null]],[[0,null],[0,null],[0,null],[8,null]],[[0,null],[0,null],[0,null],[8,null]],[["LIGHTMODE","SHADOWCASTER"],["RenderType","Opaque"],["SHADOWSUPPORT","true"]],["__","INSTANCING_ON","SHADOWS_DEPTH","SHADOWS_CUBE","STEREO_CUBEMAP_RENDER_ON","STEREO_INSTANCING_ON","STEREO_MULTIVIEW_ON","UNITY_SINGLE_PASS_STEREO"],[],[],[],0]],[],[["_Color",0,1,1,1,1,""],["_SpecColor",0,1,1,1,1,""],["_Emission",0,0,0,0,0,""],["_Shininess",3,0.699999988079071,0.00999999977648258,1,0,""],["_MainTex",4,0,0,0,0,"white"]],null,null,0,0,0]}],"textures":[{"id":-1065192,"type":3,"path":"","assetBundleId":-2,"data":["",379,758,1,1,0,0,1]}],"resources":[{"id":0,"assetBundleId":-2,"data":[[["unity_builtin_extra",0,8],["unity_builtin_extra",0,30],["unity_builtin_extra",0,66],["unity_builtin_extra",3,954],["unity_builtin_extra",0,28],["unity_builtin_extra",3,736],["fonts & materials/liberationsans sdf",13,30176],["fonts & materials/liberationsans sdf",3,31256],["fonts & materials/liberationsans sdf - fallback",13,31236],["fonts & materials/liberationsans sdf - fallback",3,31232],["fonts & materials/liberationsans sdf - fallback",48,31234],["fonts & materials/liberationsans sdf",48,31250],["sprite assets/emojione",3,31080],["sprite assets/emojione",49,31082],["style sheets/default style sheet",50,31142],["linebreaking leading characters",51,31252],["linebreaking following characters",51,31254],["tmp settings",47,31248]],[45980,45972,45978,45972,36754,45972]]}],"project-settings":[{"id":-1,"assetBundleId":-2,"data":[[["UnityEngine.U2D.CinemachinePixelPerfect",-1],["Water2D.CoreUtils",300],["UnityEngine.EventSystems.EventSystem",-1000],["TMPro.TextMeshProUGUI",-100],["Water2D._SpawnExampleController",200],["UnityEngine.UI.ToggleGroup",10],["TMPro.TextContainer",-110],["TMPro.TextMeshPro",-105]],[[0,"Default",0],[-2147213783,"BG",1],[-625898723,"Girl",2],[-350165493,"Canvas",3],[731431277,"Object",4]],[[0,"Default"],[1,"TransparentFX"],[2,"Ignore Raycast"],[3,"Glasses"],[4,"Water"],[5,"UI"],[6,"Fluids"],[7,"Toppings"],[8,"Ice"],[9,"Background"]],[0.0199999995529652,0.333333343267441,1,0.0299999993294477],[0,-9.8100004196167,0,6,2,0,1,[[0,0,0],[0,0,1],[0,0,2],[0,0,3],[0,0,4],[0,0,5],[0,0,6],[0,0,7],[0,0,8],[0,0,9],[0,1,0],[0,1,1],[0,1,2],[0,1,3],[0,1,4],[0,1,5],[0,1,6],[0,1,7],[0,1,8],[0,1,9],[0,2,0],[0,2,1],[0,2,2],[0,2,3],[0,2,4],[0,2,5],[0,2,6],[0,2,7],[0,2,8],[0,2,9],[0,3,0],[0,3,1],[0,3,2],[0,3,3],[0,3,4],[0,3,5],[0,3,6],[0,3,7],[0,3,8],[0,3,9],[0,4,0],[0,4,1],[0,4,2],[0,4,3],[1,4,4],[0,4,5],[0,4,6],[1,4,7],[0,4,8],[0,4,9],[0,5,0],[0,5,1],[0,5,2],[0,5,3],[0,5,4],[0,5,5],[0,5,6],[0,5,7],[0,5,8],[0,5,9],[0,6,0],[0,6,1],[0,6,2],[0,6,3],[0,6,4],[0,6,5],[0,6,6],[0,6,7],[0,6,8],[0,6,9],[0,7,0],[0,7,1],[0,7,2],[0,7,3],[1,7,4],[0,7,5],[0,7,6],[1,7,7],[0,7,8],[0,7,9],[0,8,0],[0,8,1],[0,8,2],[0,8,3],[0,8,4],[0,8,5],[0,8,6],[0,8,7],[0,8,8],[0,8,9],[0,9,0],[0,9,1],[0,9,2],[0,9,3],[0,9,4],[0,9,5],[0,9,6],[0,9,7],[0,9,8],[0,9,9]]],[null,null,0,-7,3,8,1,0.200000002980232,8,100,360,0.200000002980232,0.75,0.5,0.00999999977648258,2,0.00999999977648258,1,1,1,1,1,0,[[0,0,0],[0,0,1],[0,0,2],[0,0,3],[0,0,4],[0,0,5],[0,0,6],[0,0,7],[0,0,8],[0,0,9],[0,1,0],[0,1,1],[0,1,2],[0,1,3],[0,1,4],[0,1,5],[0,1,6],[0,1,7],[0,1,8],[0,1,9],[0,2,0],[0,2,1],[0,2,2],[0,2,3],[0,2,4],[0,2,5],[0,2,6],[0,2,7],[0,2,8],[0,2,9],[0,3,0],[0,3,1],[0,3,2],[0,3,3],[0,3,4],[0,3,5],[0,3,6],[0,3,7],[0,3,8],[0,3,9],[0,4,0],[0,4,1],[0,4,2],[0,4,3],[0,4,4],[0,4,5],[0,4,6],[1,4,7],[1,4,8],[0,4,9],[0,5,0],[0,5,1],[0,5,2],[0,5,3],[0,5,4],[0,5,5],[0,5,6],[0,5,7],[0,5,8],[0,5,9],[0,6,0],[0,6,1],[0,6,2],[0,6,3],[0,6,4],[0,6,5],[0,6,6],[0,6,7],[0,6,8],[0,6,9],[0,7,0],[0,7,1],[0,7,2],[0,7,3],[1,7,4],[0,7,5],[0,7,6],[0,7,7],[0,7,8],[0,7,9],[0,8,0],[0,8,1],[0,8,2],[0,8,3],[1,8,4],[0,8,5],[0,8,6],[0,8,7],[0,8,8],[0,8,9],[0,9,0],[0,9,1],[0,9,2],[0,9,3],[0,9,4],[0,9,5],[0,9,6],[0,9,7],[0,9,8],[0,9,9]]],[[[[],["Very Low","Low","Medium","High","Very High","Ultra"],0,0,0,0.300000011920929,1,15,0,1,0,0,0,0,0,1,2,4,0,0,0.333333343267441,0.0666666701436043,0.200000002980232,0.466666668653488,0,0,16,2,0,3,512,0,1,2,512,1,1024,0],[[],["Very Low","Low","Medium","High","Very High","Ultra"],0,0,0,0.400000005960464,1,20,0,1,0,0,0,0,0,0,2,16,0,0,0.333333343267441,0.0666666701436043,0.200000002980232,0.466666668653488,0,0,16,2,0,3,512,0,1,2,512,1,1024,1],[[],["Very Low","Low","Medium","High","Very High","Ultra"],1,1,0,0.699999988079071,1,20,0,1,0,0,0,0,0,0,2,64,1,0,0.333333343267441,0.0666666701436043,0.200000002980232,0.466666668653488,0,1,16,2,0,3,512,0,1,2,512,1,1024,2],[[],["Very Low","Low","Medium","High","Very High","Ultra"],2,1,0,1,2,40,1,1,1,0,1,0,0,0,2,256,2,1,0.333333343267441,0.0666666701436043,0.200000002980232,0.466666668653488,0,1,16,2,1,3,512,0,1,2,512,1,1024,3],[[],["Very Low","Low","Medium","High","Very High","Ultra"],2,2,2,1.5,2,70,1,1,2,1,1,0,0,0,2,1024,3,1,0.333333343267441,0.0666666701436043,0.200000002980232,0.466666668653488,0,1,16,2,1,3,512,0,1,2,512,1,1024,4],[[],["Very Low","Low","Medium","High","Very High","Ultra"],2,2,0,2,4,150,1,1,2,1,1,0,0,0,2,4096,4,1,0.333333343267441,0.0666666701436043,0.200000002980232,0.466666668653488,0,1,16,2,1,3,512,0,1,2,512,1,1024,5]],["Very Low","Low","Medium","High","Very High","Ultra"],2,2,0,2,4,150,1,1,2,1,1,0,0,0,2,4096,4,1,0.333333343267441,0.0666666701436043,0.200000002980232,0.466666668653488,0,1,16,2,1,3,512,0,1,2,512,1,1024,5],0,0,0,2,0,["Untagged","Respawn","Finish","EditorOnly","MainCamera","Player","GameController","Metaball_liquid","Liquid"]]}]}